Content,output_dir,file name,input_file,language,count,random_sequences,include_letters,include_numbers,include_symbols,length,random,format,thread_count,extension,skew_angle,random_skew,use_wikipedia,blur,random_blur,background,handwritten,name_format,distorsion,distorsion_orientation,width,alignment,orientation,text_color,space_width,margins,fit,font,case,MS-OCR eng. result,Raw Score
AcXed 2Wz something.,out_random/,concat_random_0.jpg,texts/eng_sentences.txt,en,100,False,False,False,False,20,False,32,1,jpg,0,False,False,1.25,False,1,False,2,0,0,-1,1,0,#282828,1.0,"(5, 5, 5, 0)",False,fonts/latin/OpenSans-Regular.ttf,,AcXed 2Wz sorne?thang,0.829268292682927
l IIMz eg XP x0 sleep.,out_random/,concat_random_1.jpg,texts/eng_sentences.txt,en,100,False,False,False,False,22,False,32,1,jpg,0,False,False,1.25,False,1,False,2,0,0,-1,1,0,#282828,1.0,"(5, 5, 5, 0)",False,fonts/latin/OpenSans-Regular.ttf,,I IIMz eg XP xo ?Jeep.,0.818181818181818
fMZL8 YM X1yC OqSa SXu v5 AL pTaaYeO1x birthday!,out_random/,concat_random_2.jpg,texts/eng_sentences.txt,en,100,False,False,False,False,48,False,32,1,jpg,0,False,False,1.25,False,1,False,2,0,0,-1,1,0,#282828,1.0,"(5, 5, 5, 0)",False,fonts/latin/OpenSans-Regular.ttf,,fMZL8 YM Xlyc oqsa SXu v5 AL pTaaYe01x birthday',0.875
ayIlcHl 64 vM now.,out_random/,concat_random_3.jpg,texts/eng_sentences.txt,en,100,False,False,False,False,18,False,32,1,jpg,0,False,False,1.25,False,1,False,2,0,0,-1,1,0,#282828,1.0,"(5, 5, 5, 0)",False,fonts/latin/OpenSans-Regular.ttf,,ayllcHl 64 VM,0.709677419354839
"cDT vG2eXryB Fs ""Muiriel"".",out_random/,concat_random_4.jpg,texts/eng_sentences.txt,en,100,False,False,False,False,26,False,32,1,jpg,0,False,False,1.25,False,1,False,2,0,0,-1,1,0,#282828,1.0,"(5, 5, 5, 0)",False,fonts/latin/OpenSans-Regular.ttf,,OT vG2eXryB Fs ?Muiner.,0.775510204081633
N IzYn U1 rmJz soon.,out_random/,concat_random_5.jpg,texts/eng_sentences.txt,en,100,False,False,False,False,20,False,32,1,jpg,0,False,False,1.25,False,1,False,2,0,0,-1,1,0,#282828,1.0,"(5, 5, 5, 0)",False,fonts/latin/OpenSans-Regular.ttf,,N IzYn IJI rmJz,0.685714285714286
GbP Zs o QNcB tQn words.,out_random/,concat_random_6.jpg,texts/eng_sentences.txt,en,100,False,False,False,False,24,False,32,1,jpg,0,False,False,1.25,False,1,False,2,0,0,-1,1,0,#282828,1.0,"(5, 5, 5, 0)",False,fonts/latin/OpenSans-Regular.ttf,,GbP Zs o QNcB tQn words,0.978723404255319
AT0d 5Z Er8fR YvdN1 ki end.,out_random/,concat_random_7.jpg,texts/eng_sentences.txt,en,100,False,False,False,False,27,False,32,1,jpg,0,False,False,1.25,False,1,False,2,0,0,-1,1,0,#282828,1.0,"(5, 5, 5, 0)",False,fonts/latin/OpenSans-Regular.ttf,,ATOd SZ Er8fR YvdN1 ki end.,0.925925925925926
b dfMD 4dYly EYBI WX1X Zj say.,out_random/,concat_random_8.jpg,texts/eng_sentences.txt,en,100,False,False,False,False,30,False,32,1,jpg,0,False,False,1.25,False,1,False,2,0,0,-1,1,0,#282828,1.0,"(5, 5, 5, 0)",False,fonts/latin/OpenSans-Regular.ttf,,b dfMD 4dYly EYBI WXIX zj say.,0.933333333333333
ng0L wLK hj iyhU bunny.,out_random/,concat_random_9.jpg,texts/eng_sentences.txt,en,100,False,False,False,False,23,False,32,1,jpg,0,False,False,1.25,False,1,False,2,0,0,-1,1,0,#282828,1.0,"(5, 5, 5, 0)",False,fonts/latin/OpenSans-Regular.ttf,,ng0L WLK hj iyhU bunny.,0.956521739130435
y 1bg pu KqV mountains.,out_random/,concat_random_10.jpg,texts/eng_sentences.txt,en,100,False,False,False,False,23,False,32,1,jpg,0,False,False,1.25,False,1,False,2,0,0,-1,1,0,#282828,1.0,"(5, 5, 5, 0)",False,fonts/latin/OpenSans-Regular.ttf,,y 1 bg pu KqV rnÅ·antacns.,0.791666666666667
Tg vz P nyUn6i picture?,out_random/,concat_random_11.jpg,texts/eng_sentences.txt,en,100,False,False,False,False,23,False,32,1,jpg,0,False,False,1.25,False,1,False,2,0,0,-1,1,0,#282828,1.0,"(5, 5, 5, 0)",False,fonts/latin/OpenSans-Regular.ttf,,Tg vz P nyUn6i pxtute?,0.888888888888889
1 36eXs YiLo zc 9 UbhU hVN time.,out_random/,concat_random_12.jpg,texts/eng_sentences.txt,en,100,False,False,False,False,32,False,32,1,jpg,0,False,False,1.25,False,1,False,2,0,0,-1,1,0,#282828,1.0,"(5, 5, 5, 0)",False,fonts/latin/OpenSans-Regular.ttf,,1 36eXs YiLo zc 9 UbhU hVN bme.,0.952380952380952
QJoVWKh18 KV IKFR JkhDw ZKYISoD5a3D me.,out_random/,concat_random_13.jpg,texts/eng_sentences.txt,en,100,False,False,False,False,39,False,32,1,jpg,0,False,False,1.25,False,1,False,2,0,0,-1,1,0,#282828,1.0,"(5, 5, 5, 0)",False,fonts/latin/OpenSans-Regular.ttf,,QJoVWKh18 KV IKFRJkhDw ZKYlSoD5a3D me,0.947368421052632
5ytxo3 sD OpvIdC lEaHe yvKp b am.,out_random/,concat_random_14.jpg,texts/eng_sentences.txt,en,100,False,False,False,False,33,False,32,1,jpg,0,False,False,1.25,False,1,False,2,0,0,-1,1,0,#282828,1.0,"(5, 5, 5, 0)",False,fonts/latin/OpenSans-Regular.ttf,,5ytx03 SD OpvldC IEaHe yvKp b am.,0.878787878787879
hJJ SOi We gv way.,out_random/,concat_random_15.jpg,texts/eng_sentences.txt,en,100,False,False,False,False,18,False,32,1,jpg,0,False,False,1.25,False,1,False,2,0,0,-1,1,0,#282828,1.0,"(5, 5, 5, 0)",False,fonts/latin/OpenSans-Regular.ttf,,hJJ SOi We gv way,0.971428571428571
ajGI 5bY1 vwik ?30.,out_random/,concat_random_16.jpg,texts/eng_sentences.txt,en,100,False,False,False,False,19,False,32,1,jpg,0,False,False,1.25,False,1,False,2,0,0,-1,1,0,#282828,1.0,"(5, 5, 5, 0)",False,fonts/latin/OpenSans-Regular.ttf,,ajGl 5bY1 vwik 00,0.833333333333333
Z S35B RSGN n day.,out_random/,concat_random_17.jpg,texts/eng_sentences.txt,en,100,False,False,False,False,18,False,32,1,jpg,0,False,False,1.25,False,1,False,2,0,0,-1,1,0,#282828,1.0,"(5, 5, 5, 0)",False,fonts/latin/OpenSans-Regular.ttf,,Z S35B RSGN n day,0.971428571428571
v aNX nd9B Pf ghDw ReI k0TR jta instead.,out_random/,concat_random_18.jpg,texts/eng_sentences.txt,en,100,False,False,False,False,40,False,32,1,jpg,0,False,False,1.25,False,1,False,2,0,0,-1,1,0,#282828,1.0,"(5, 5, 5, 0)",False,fonts/latin/OpenSans-Regular.ttf,,v aNX nd9B Pf ghDw Rel kOTRjta instead,0.923076923076923
pwmd IyfMOHl M2I y5Elu G8My a6 MQ alone.,out_random/,concat_random_19.jpg,texts/eng_sentences.txt,en,100,False,False,False,False,40,False,32,1,jpg,0,False,False,1.25,False,1,False,2,0,0,-1,1,0,#282828,1.0,"(5, 5, 5, 0)",False,fonts/latin/OpenSans-Regular.ttf,,pwmd lyfMOHl M21 y5Elu G8My a6 MQ alone.,0.95
Itxy 2QchO happen.,out_random/,concat_random_20.jpg,texts/eng_sentences.txt,en,100,False,False,False,False,18,False,32,1,jpg,0,False,False,1.25,False,1,False,2,0,0,-1,1,0,#282828,1.0,"(5, 5, 5, 0)",False,fonts/latin/OpenSans-Regular.ttf,,ltxy 2QchO happen.,0.944444444444444
QtVvcE6fQ Wx lmo gO 0 CZHoKte guy.,out_random/,concat_random_21.jpg,texts/eng_sentences.txt,en,100,False,False,False,False,34,False,32,1,jpg,0,False,False,1.25,False,1,False,2,0,0,-1,1,0,#282828,1.0,"(5, 5, 5, 0)",False,fonts/latin/OpenSans-Regular.ttf,,QtVvcE6fQ Imo go O CZHoKte guy,0.84375
hJET V9 u9 zj0V jhE Lb aupOFfU v7CA studying.,out_random/,concat_random_22.jpg,texts/eng_sentences.txt,en,100,False,False,False,False,45,False,32,1,jpg,0,False,False,1.25,False,1,False,2,0,0,-1,1,0,#282828,1.0,"(5, 5, 5, 0)",False,fonts/latin/OpenSans-Regular.ttf,,hJETV9 u9 zjov jhE Lb aupOFfU v7CA studying,0.931818181818182
7 O0F yU1i GsNsZM bi zD20 Rh 3W1 V2rc zgC NjSLrBHY else.,out_random/,concat_random_23.jpg,texts/eng_sentences.txt,en,100,False,False,False,False,56,False,32,1,jpg,0,False,False,1.25,False,1,False,2,0,0,-1,1,0,#282828,1.0,"(5, 5, 5, 0)",False,fonts/latin/OpenSans-Regular.ttf,,7 OOF yU1i GsNsZM bi zD20 Rh 3W1 v2rc zgc NjSLrBHY eBe-,0.900900900900901
D dAA9f3C SjLv hfvhPpb6I uKus eiA Isax8 x6keI MJ 8Kpy k4A awuY term.,out_random/,concat_random_24.jpg,texts/eng_sentences.txt,en,100,False,False,False,False,68,False,32,1,jpg,0,False,False,1.25,False,1,False,2,0,0,-1,1,0,#282828,1.0,"(5, 5, 5, 0)",False,fonts/latin/OpenSans-Regular.ttf,,D dAA9f3C SjLv hfvhPpb61 uKus eiA Isax8 x6kel MJ 8Kpy k4A awuY term.,0.970588235294118
O 5q54 you.,out_random/,concat_random_25.jpg,texts/eng_sentences.txt,en,100,False,False,False,False,11,False,32,1,jpg,0,False,False,1.25,False,1,False,2,0,0,-1,1,0,#282828,1.0,"(5, 5, 5, 0)",False,fonts/latin/OpenSans-Regular.ttf,,O sq54,0.588235294117647
SjX2 vb4a EUKN lyIF0Qsh dRzp D mb3G back.,out_random/,concat_random_26.jpg,texts/eng_sentences.txt,en,100,False,False,False,False,41,False,32,1,jpg,0,False,False,1.25,False,1,False,2,0,0,-1,1,0,#282828,1.0,"(5, 5, 5, 0)",False,fonts/latin/OpenSans-Regular.ttf,,sjX2 vb4a EUKN lyiFOQsh dRzp D mb3G back,0.91358024691358
H 6wrAjb sBJda FlDw0pMMJ9 rkN63BhgWz more.,out_random/,concat_random_27.jpg,texts/eng_sentences.txt,en,100,False,False,False,False,42,False,32,1,jpg,0,False,False,1.25,False,1,False,2,0,0,-1,1,0,#282828,1.0,"(5, 5, 5, 0)",False,fonts/latin/OpenSans-Regular.ttf,,H 6wrAjb sBJda FIDwOpMMJ9 rkN63BhgWz more.,0.952380952380952
eCa nycsbv sleep.,out_random/,concat_random_28.jpg,texts/eng_sentences.txt,en,100,False,False,False,False,17,False,32,1,jpg,0,False,False,1.25,False,1,False,2,0,0,-1,1,0,#282828,1.0,"(5, 5, 5, 0)",False,fonts/latin/OpenSans-Regular.ttf,,eCa nycsbv sleep.,1
eQv p64N8 5Y go.,out_random/,concat_random_29.jpg,texts/eng_sentences.txt,en,100,False,False,False,False,16,False,32,1,jpg,0,False,False,1.25,False,1,False,2,0,0,-1,1,0,#282828,1.0,"(5, 5, 5, 0)",False,fonts/latin/OpenSans-Regular.ttf,,eQv p64N8 5Y,0.857142857142857
Y hC8G ZdkH Ja aa5F lr YN1tWXt ticket.,out_random/,concat_random_30.jpg,texts/eng_sentences.txt,en,100,False,False,False,False,38,False,32,1,jpg,0,False,False,1.25,False,1,False,2,0,0,-1,1,0,#282828,1.0,"(5, 5, 5, 0)",False,fonts/latin/OpenSans-Regular.ttf,,Y hC8G ZdkH Ja aa5F Ir YN1tWXt ticket,0.96
kOXQ79 ff 5yZVqbqW9 gEsu me.,out_random/,concat_random_31.jpg,texts/eng_sentences.txt,en,100,False,False,False,False,28,False,32,1,jpg,0,False,False,1.25,False,1,False,2,0,0,-1,1,0,#282828,1.0,"(5, 5, 5, 0)",False,fonts/latin/OpenSans-Regular.ttf,,kOXQ79 ff 5yZVqbqW9 gEsu me.,1
R UMPlT ZZQQ 3cdy t1yw 3f life.,out_random/,concat_random_32.jpg,texts/eng_sentences.txt,en,100,False,False,False,False,31,False,32,1,jpg,0,False,False,1.25,False,1,False,2,0,0,-1,1,0,#282828,1.0,"(5, 5, 5, 0)",False,fonts/latin/OpenSans-Regular.ttf,,R UMPIT ZZQQ 3cdy tlyw 3f 'afe.,0.870967741935484
v F5fY yZoU6e ma 4T fR astrophysicist.,out_random/,concat_random_33.jpg,texts/eng_sentences.txt,en,100,False,False,False,False,38,False,32,1,jpg,0,False,False,1.25,False,1,False,2,0,0,-1,1,0,#282828,1.0,"(5, 5, 5, 0)",False,fonts/latin/OpenSans-Regular.ttf,,v F5fY yZoU6e ma 4T fR astrophysicist,0.986666666666667
8 DHdPx V2Okb biology.,out_random/,concat_random_34.jpg,texts/eng_sentences.txt,en,100,False,False,False,False,22,False,32,1,jpg,0,False,False,1.25,False,1,False,2,0,0,-1,1,0,#282828,1.0,"(5, 5, 5, 0)",False,fonts/latin/OpenSans-Regular.ttf,,8 DHdPx V20kb biology,0.930232558139535
DlZ DJ2T kozXh9 l 0HjD fu uzUY vE UMdzfFg x 3Z9 nuts.,out_random/,concat_random_35.jpg,texts/eng_sentences.txt,en,100,False,False,False,False,53,False,32,1,jpg,0,False,False,1.25,False,1,False,2,0,0,-1,1,0,#282828,1.0,"(5, 5, 5, 0)",False,fonts/latin/OpenSans-Regular.ttf,,DIZ DJ2T kozXh9 1 OHjD fu uzUY vE UMdzfFg x 3Z9 nuts,0.933333333333333
VE rjF fInPc zqzDhKq 92 MiI rf90M AB gp JWOQ 9 u7CPr v5pNY anyone.,out_random/,concat_random_36.jpg,texts/eng_sentences.txt,en,100,False,False,False,False,66,False,32,1,jpg,0,False,False,1.25,False,1,False,2,0,0,-1,1,0,#282828,1.0,"(5, 5, 5, 0)",False,fonts/latin/OpenSans-Regular.ttf,,VE rjF finPc zqzDhKq 92 Mil rf90M AB gp JWOQ 9 u7CPr v5pNY anyone.,0.96969696969697
1z K9 9yXnuHhsX0GFq true.,out_random/,concat_random_37.jpg,texts/eng_sentences.txt,en,100,False,False,False,False,25,False,32,1,jpg,0,False,False,1.25,False,1,False,2,0,0,-1,1,0,#282828,1.0,"(5, 5, 5, 0)",False,fonts/latin/OpenSans-Regular.ttf,,1 z K9 9yXnuHhsXOGFq true.,0.941176470588235
2yTw THH qdR WhkH Y6gq5SCl s2ebquj wwRg BPKEm 4u ptHR rOU dz9f0l ideals.,out_random/,concat_random_38.jpg,texts/eng_sentences.txt,en,100,False,False,False,False,72,False,32,1,jpg,0,False,False,1.25,False,1,False,2,0,0,-1,1,0,#282828,1.0,"(5, 5, 5, 0)",False,fonts/latin/OpenSans-Regular.ttf,,2yTw THH qdR WhkH Y6gq5SCl s2ebquj wwRg BPKEm 4u ptHR rOU dz9fOl ideals,0.979020979020979
ZeCA 5VtV5N 6pwo4 NIG crazy.,out_random/,concat_random_39.jpg,texts/eng_sentences.txt,en,100,False,False,False,False,28,False,32,1,jpg,0,False,False,1.25,False,1,False,2,0,0,-1,1,0,#282828,1.0,"(5, 5, 5, 0)",False,fonts/latin/OpenSans-Regular.ttf,,ZeCA 5VtV5N 6pw04 NIG crazy.,0.964285714285714
29 1lc 7CCB 0OH are!,out_random/,concat_random_40.jpg,texts/eng_sentences.txt,en,100,False,False,False,False,20,False,32,1,jpg,0,False,False,1.25,False,1,False,2,0,0,-1,1,0,#282828,1.0,"(5, 5, 5, 0)",False,fonts/latin/OpenSans-Regular.ttf,,29 Ilc 7CCB OOH are',0.85
7LfoKX 7p line!,out_random/,concat_random_41.jpg,texts/eng_sentences.txt,en,100,False,False,False,False,15,False,32,1,jpg,0,False,False,1.25,False,1,False,2,0,0,-1,1,0,#282828,1.0,"(5, 5, 5, 0)",False,fonts/latin/OpenSans-Regular.ttf,,7LfoKX 7p,0.75
XC4D yyh8w3f me!,out_random/,concat_random_42.jpg,texts/eng_sentences.txt,en,100,False,False,False,False,16,False,32,1,jpg,0,False,False,1.25,False,1,False,2,0,0,-1,1,0,#282828,1.0,"(5, 5, 5, 0)",False,fonts/latin/OpenSans-Regular.ttf,,XC4D yyh8w3f me',0.9375
BUU o8X sure?,out_random/,concat_random_43.jpg,texts/eng_sentences.txt,en,100,False,False,False,False,13,False,32,1,jpg,0,False,False,1.25,False,1,False,2,0,0,-1,1,0,#282828,1.0,"(5, 5, 5, 0)",False,fonts/latin/OpenSans-Regular.ttf,,BIJU 08X sure?,0.814814814814815
I74Y guDE1 Gw C problem...,out_random/,concat_random_44.jpg,texts/eng_sentences.txt,en,100,False,False,False,False,26,False,32,1,jpg,0,False,False,1.25,False,1,False,2,0,0,-1,1,0,#282828,1.0,"(5, 5, 5, 0)",False,fonts/latin/OpenSans-Regular.ttf,,174Y guDE1 Gw C,0.682926829268293
Y0c zNhzvjx a butterfly!,out_random/,concat_random_45.jpg,texts/eng_sentences.txt,en,100,False,False,False,False,24,False,32,1,jpg,0,False,False,1.25,False,1,False,2,0,0,-1,1,0,#282828,1.0,"(5, 5, 5, 0)",False,fonts/latin/OpenSans-Regular.ttf,,YOC zNhzvjx a butterfry??,0.816326530612245
i7dB7 up.,out_random/,concat_random_46.jpg,texts/eng_sentences.txt,en,100,False,False,False,False,9,False,32,1,jpg,0,False,False,1.25,False,1,False,2,0,0,-1,1,0,#282828,1.0,"(5, 5, 5, 0)",False,fonts/latin/OpenSans-Regular.ttf,,i7dB7 up.,1
K1 fO3wDA5 3zach2VD me.,out_random/,concat_random_47.jpg,texts/eng_sentences.txt,en,100,False,False,False,False,23,False,32,1,jpg,0,False,False,1.25,False,1,False,2,0,0,-1,1,0,#282828,1.0,"(5, 5, 5, 0)",False,fonts/latin/OpenSans-Regular.ttf,,KI f03wDA5 3zach2VD me-,0.869565217391304
oRQ 8xZN YAZnat 4 bzOo 6hnD tGlcB 45 night.,out_random/,concat_random_48.jpg,texts/eng_sentences.txt,en,100,False,False,False,False,43,False,32,1,jpg,0,False,False,1.25,False,1,False,2,0,0,-1,1,0,#282828,1.0,"(5, 5, 5, 0)",False,fonts/latin/OpenSans-Regular.ttf,,ORQ 8xZN YAZnat 4 bzOo 6hnD tGlcB 45 ntght,0.941176470588235
vL mb5Eatc V0 DVq context.,out_random/,concat_random_49.jpg,texts/eng_sentences.txt,en,100,False,False,False,False,26,False,32,1,jpg,0,False,False,1.25,False,1,False,2,0,0,-1,1,0,#282828,1.0,"(5, 5, 5, 0)",False,fonts/latin/OpenSans-Regular.ttf,,VL mb5Eatc VO DVq,0.697674418604651
ZJZ uAK 6hLJoeJR 8WlllqQ me?!,out_random/,concat_random_50.jpg,texts/eng_sentences.txt,en,100,False,False,False,False,29,False,32,1,jpg,0,False,False,1.25,False,1,False,2,0,0,-1,1,0,#282828,1.0,"(5, 5, 5, 0)",False,fonts/latin/OpenSans-Regular.ttf,,"uAK 6hLJoeJR 8WlllqQ me""",0.867924528301887
l9ABvt Ttu i6z3qs1nC aJ4nH V3of hcdM said.,out_random/,concat_random_51.jpg,texts/eng_sentences.txt,en,100,False,False,False,False,42,False,32,1,jpg,0,False,False,1.25,False,1,False,2,0,0,-1,1,0,#282828,1.0,"(5, 5, 5, 0)",False,fonts/latin/OpenSans-Regular.ttf,,19ABvt Ttu i6z3qs1 nC aJ4nH V30f hcdM sa?d.,0.917647058823529
G Kfez8 U4sP wH HB E9340 W JRXr F3 W0 cool!!,out_random/,concat_random_52.jpg,texts/eng_sentences.txt,en,100,False,False,False,False,44,False,32,1,jpg,0,False,False,1.25,False,1,False,2,0,0,-1,1,0,#282828,1.0,"(5, 5, 5, 0)",False,fonts/latin/OpenSans-Regular.ttf,,G Kfez8 IJ4sP wH HB E9340 W JRXr F3 WO,0.853658536585366
fj14 k ZYeE FtD 6 ReGt 1U EZ O king.,out_random/,concat_random_53.jpg,texts/eng_sentences.txt,en,100,False,False,False,False,36,False,32,1,jpg,0,False,False,1.25,False,1,False,2,0,0,-1,1,0,#282828,1.0,"(5, 5, 5, 0)",False,fonts/latin/OpenSans-Regular.ttf,,"fj14 k ZYeE FtD 6 ReGt IU EZ O k,ng",0.929577464788732
7e4HlCs Ui x 47J2ix cilBU ru 6Ky Og okQ UDX mCST SV ZPJJ money.,out_random/,concat_random_54.jpg,texts/eng_sentences.txt,en,100,False,False,False,False,63,False,32,1,jpg,0,False,False,1.25,False,1,False,2,0,0,-1,1,0,#282828,1.0,"(5, 5, 5, 0)",False,fonts/latin/OpenSans-Regular.ttf,,7e4HlCs Ui x 47J2ix cilBU ru 6Ky og okQ UDX mCST SV ZPJJ money.,0.984126984126984
SxJ zI fat.,out_random/,concat_random_55.jpg,texts/eng_sentences.txt,en,100,False,False,False,False,11,False,32,1,jpg,0,False,False,1.25,False,1,False,2,0,0,-1,1,0,#282828,1.0,"(5, 5, 5, 0)",False,fonts/latin/OpenSans-Regular.ttf,,SxJ zl fat,0.857142857142857
Ne what?,out_random/,concat_random_56.jpg,texts/eng_sentences.txt,en,100,False,False,False,False,8,False,32,1,jpg,0,False,False,1.25,False,1,False,2,0,0,-1,1,0,#282828,1.0,"(5, 5, 5, 0)",False,fonts/latin/OpenSans-Regular.ttf,,Ne what?,1
uB0 0Rbsx 1nVCk him.,out_random/,concat_random_57.jpg,texts/eng_sentences.txt,en,100,False,False,False,False,20,False,32,1,jpg,0,False,False,1.25,False,1,False,2,0,0,-1,1,0,#282828,1.0,"(5, 5, 5, 0)",False,fonts/latin/OpenSans-Regular.ttf,,UBO ORbsx 1 nVCk,0.666666666666667
kzA oPo 9 YNd2 a6jtc XNp aWdm r QgIo plushy.,out_random/,concat_random_58.jpg,texts/eng_sentences.txt,en,100,False,False,False,False,44,False,32,1,jpg,0,False,False,1.25,False,1,False,2,0,0,-1,1,0,#282828,1.0,"(5, 5, 5, 0)",False,fonts/latin/OpenSans-Regular.ttf,,kzA OPO 9 YNd2 a6jtc XNp aWdm r Qglo plushy.,0.931818181818182
0aw eQSq saying!,out_random/,concat_random_59.jpg,texts/eng_sentences.txt,en,100,False,False,False,False,16,False,32,1,jpg,0,False,False,1.25,False,1,False,2,0,0,-1,1,0,#282828,1.0,"(5, 5, 5, 0)",False,fonts/latin/OpenSans-Regular.ttf,,Oaw eQSq saysng?,0.8125
7EOF rhx 1oaFx5EY QGhf 7Zds64CFUC MbU52 decision.,out_random/,concat_random_60.jpg,texts/eng_sentences.txt,en,100,False,False,False,False,49,False,32,1,jpg,0,False,False,1.25,False,1,False,2,0,0,-1,1,0,#282828,1.0,"(5, 5, 5, 0)",False,fonts/latin/OpenSans-Regular.ttf,,7EOF rhx 1 oaFx5EY QGhf 7Zds64CFUC MbU52 decrsjon.,0.94949494949495
Zt4W Na5S4V yo25nQvs iFbe VwwL jG tum6 My Vbnn siblings.,out_random/,concat_random_61.jpg,texts/eng_sentences.txt,en,100,False,False,False,False,56,False,32,1,jpg,0,False,False,1.25,False,1,False,2,0,0,-1,1,0,#282828,1.0,"(5, 5, 5, 0)",False,fonts/latin/OpenSans-Regular.ttf,,Zt4W Na5S4V y025nQvs iFbe VwwL jG tum6 My Vbnn sabbngs,0.927272727272727
9GcI ht vthN P Lc8jq 1a4Z said.,out_random/,concat_random_62.jpg,texts/eng_sentences.txt,en,100,False,False,False,False,31,False,32,1,jpg,0,False,False,1.25,False,1,False,2,0,0,-1,1,0,#282828,1.0,"(5, 5, 5, 0)",False,fonts/latin/OpenSans-Regular.ttf,,9Gcl ht vthN P Lc8jq la4Z sad.,0.918032786885246
1C a3imc Qam1 raucOHD 9LF os 7a QAimQ2K everything.,out_random/,concat_random_63.jpg,texts/eng_sentences.txt,en,100,False,False,False,False,51,False,32,1,jpg,0,False,False,1.25,False,1,False,2,0,0,-1,1,0,#282828,1.0,"(5, 5, 5, 0)",False,fonts/latin/OpenSans-Regular.ttf,,IC a3imc Qaml raucOHD 9LF os 7a QAimQ2K everything,0.95049504950495
m1BIgb b4vXOyC OcDJu2 C girl.,out_random/,concat_random_64.jpg,texts/eng_sentences.txt,en,100,False,False,False,False,29,False,32,1,jpg,0,False,False,1.25,False,1,False,2,0,0,-1,1,0,#282828,1.0,"(5, 5, 5, 0)",False,fonts/latin/OpenSans-Regular.ttf,,ml Bigb b4vXOyC OcDJu2 C,0.792452830188679
AxDKR4bma c RUQ3s NDo2 uiLJggX emotions.,out_random/,concat_random_65.jpg,texts/eng_sentences.txt,en,100,False,False,False,False,40,False,32,1,jpg,0,False,False,1.25,False,1,False,2,0,0,-1,1,0,#282828,1.0,"(5, 5, 5, 0)",False,fonts/latin/OpenSans-Regular.ttf,,AxDKR4bma c RUQ3s ND02 uiLJggX emooons,0.923076923076923
97GV T rMr7 B14 alS0 bw 2aVr k kHiKTOA6e8 for.,out_random/,concat_random_66.jpg,texts/eng_sentences.txt,en,100,False,False,False,False,46,False,32,1,jpg,0,False,False,1.25,False,1,False,2,0,0,-1,1,0,#282828,1.0,"(5, 5, 5, 0)",False,fonts/latin/OpenSans-Regular.ttf,,97GV T rMr7 B14 alSO bw 2aVr k kHiKTOA6e8 for.,0.978260869565217
2e MEIpZ CK YSMJ8kSSg O4v UUOG P6 program.,out_random/,concat_random_67.jpg,texts/eng_sentences.txt,en,100,False,False,False,False,42,False,32,1,jpg,0,False,False,1.25,False,1,False,2,0,0,-1,1,0,#282828,1.0,"(5, 5, 5, 0)",False,fonts/latin/OpenSans-Regular.ttf,,2e MEIpz CK YSMJ8kSSg 04v IJUOG P6 program,0.904761904761905
s ItgQy HUiR7D Jj EE selfish.,out_random/,concat_random_68.jpg,texts/eng_sentences.txt,en,100,False,False,False,False,29,False,32,1,jpg,0,False,False,1.25,False,1,False,2,0,0,-1,1,0,#282828,1.0,"(5, 5, 5, 0)",False,fonts/latin/OpenSans-Regular.ttf,,s ltgQy HUiR7DJj EE selfish.,0.947368421052632
wVmHr xhBBOg8k ZCu hJg4O Zezv oKKBU happen.,out_random/,concat_random_69.jpg,texts/eng_sentences.txt,en,100,False,False,False,False,43,False,32,1,jpg,0,False,False,1.25,False,1,False,2,0,0,-1,1,0,#282828,1.0,"(5, 5, 5, 0)",False,fonts/latin/OpenSans-Regular.ttf,,wVmHr xhBBOg8k ZCu hJg40 Zezv oKKBU happen.,0.976744186046512
Wx5 CKuC 5aNAj MGayrho KN jsk have?,out_random/,concat_random_70.jpg,texts/eng_sentences.txt,en,100,False,False,False,False,35,False,32,1,jpg,0,False,False,1.25,False,1,False,2,0,0,-1,1,0,#282828,1.0,"(5, 5, 5, 0)",False,fonts/latin/OpenSans-Regular.ttf,,wx5 CKuC 5aNAj MGayrho KN jsk have?,0.971428571428571
I y0D 2u XYbMNSBX6R8 BEu gr cXNyvVT 8abv 6 ksTJH bl9r jU people.,out_random/,concat_random_71.jpg,texts/eng_sentences.txt,en,100,False,False,False,False,64,False,32,1,jpg,0,False,False,1.25,False,1,False,2,0,0,-1,1,0,#282828,1.0,"(5, 5, 5, 0)",False,fonts/latin/OpenSans-Regular.ttf,,I YOD 2u XYbMNSBX6R8 BEu gr cXNyvVT 8abv 6 ksTJH b19r jiJ people.,0.930232558139535
EIfR Ui BNeRcC 7gJ sOr Yc gYD been.,out_random/,concat_random_72.jpg,texts/eng_sentences.txt,en,100,False,False,False,False,35,False,32,1,jpg,0,False,False,1.25,False,1,False,2,0,0,-1,1,0,#282828,1.0,"(5, 5, 5, 0)",False,fonts/latin/OpenSans-Regular.ttf,,ElfR Ui BNeRcC 781 sor Yc gYD been,0.869565217391304
3 RhUxC VH 7i u0YD gSD Fp SA impolite.,out_random/,concat_random_73.jpg,texts/eng_sentences.txt,en,100,False,False,False,False,38,False,32,1,jpg,0,False,False,1.25,False,1,False,2,0,0,-1,1,0,#282828,1.0,"(5, 5, 5, 0)",False,fonts/latin/OpenSans-Regular.ttf,,3 RhUxC VH 7i uOYD gSD Fp SA impolite.,0.973684210526316
Yxr 7CX LBF2WZ ZXDf time.,out_random/,concat_random_74.jpg,texts/eng_sentences.txt,en,100,False,False,False,False,25,False,32,1,jpg,0,False,False,1.25,False,1,False,2,0,0,-1,1,0,#282828,1.0,"(5, 5, 5, 0)",False,fonts/latin/OpenSans-Regular.ttf,,Yxr 7CX LBF2WZ ZXDf,0.863636363636364
RCG OH DvS5afDd yPu E eGN8fnVO 8cdz myself.,out_random/,concat_random_75.jpg,texts/eng_sentences.txt,en,100,False,False,False,False,43,False,32,1,jpg,0,False,False,1.25,False,1,False,2,0,0,-1,1,0,#282828,1.0,"(5, 5, 5, 0)",False,fonts/latin/OpenSans-Regular.ttf,,RCG OH DvS5afDd ypu E eGN8fnVO 8cdz myself,0.964705882352941
ReRT bd rc3r VOSM1VU 5 r9v rw Hl 5 P8Sd LNP0N morning.,out_random/,concat_random_76.jpg,texts/eng_sentences.txt,en,100,False,False,False,False,54,False,32,1,jpg,0,False,False,1.25,False,1,False,2,0,0,-1,1,0,#282828,1.0,"(5, 5, 5, 0)",False,fonts/latin/OpenSans-Regular.ttf,,ReRT bd rar VOSMIVU 5 r9v rw HI 5 P8Sd LNPON morr?ng,0.867924528301887
YpSH O JsdD rtC I PVb sad.,out_random/,concat_random_77.jpg,texts/eng_sentences.txt,en,100,False,False,False,False,26,False,32,1,jpg,0,False,False,1.25,False,1,False,2,0,0,-1,1,0,#282828,1.0,"(5, 5, 5, 0)",False,fonts/latin/OpenSans-Regular.ttf,,YpSH OJsdD rtC I PVb sad.,0.980392156862745
cmOL ZJ BxsQ8Xpm ZlipI4LN1 Fe 4r5 end.,out_random/,concat_random_78.jpg,texts/eng_sentences.txt,en,100,False,False,False,False,38,False,32,1,jpg,0,False,False,1.25,False,1,False,2,0,0,-1,1,0,#282828,1.0,"(5, 5, 5, 0)",False,fonts/latin/OpenSans-Regular.ttf,,"cmOL BxsQ8Xpm Ziip14LN1 Fe 4r5 end,",0.876712328767123
D mYL6MOy 1yr dlc3L J9 lJ40V ayV things.,out_random/,concat_random_79.jpg,texts/eng_sentences.txt,en,100,False,False,False,False,40,False,32,1,jpg,0,False,False,1.25,False,1,False,2,0,0,-1,1,0,#282828,1.0,"(5, 5, 5, 0)",False,fonts/latin/OpenSans-Regular.ttf,,D mYL6MOy lyr dic3LJ9 IJ40V ayv things,0.871794871794872
lqNP 3ikxdB hsUSP FyArK dUq8C ovYDn life.,out_random/,concat_random_80.jpg,texts/eng_sentences.txt,en,100,False,False,False,False,41,False,32,1,jpg,0,False,False,1.25,False,1,False,2,0,0,-1,1,0,#282828,1.0,"(5, 5, 5, 0)",False,fonts/latin/OpenSans-Regular.ttf,,IqNP 3ikxdB hsUSP FyArK dUq8C ovYDn Ufe.,0.938271604938272
Mf 6 oqLQR S0zu bUv 4 SpQa0YF6Sg8C oaAW4d 7 would.,out_random/,concat_random_81.jpg,texts/eng_sentences.txt,en,100,False,False,False,False,50,False,32,1,jpg,0,False,False,1.25,False,1,False,2,0,0,-1,1,0,#282828,1.0,"(5, 5, 5, 0)",False,fonts/latin/OpenSans-Regular.ttf,,Mf 6 oqLQR sozu blJv 4 SpQaOYF6Sg8C oaAW4d 7 would.,0.910891089108911
aa CBrba jj t3 yI8KW ixY a9sc kn le04 risks.,out_random/,concat_random_82.jpg,texts/eng_sentences.txt,en,100,False,False,False,False,44,False,32,1,jpg,0,False,False,1.25,False,1,False,2,0,0,-1,1,0,#282828,1.0,"(5, 5, 5, 0)",False,fonts/latin/OpenSans-Regular.ttf,,aa CBrba jj t3 y18KW ixY a9sc kn le04 nsks.,0.942528735632184
oZ3EF NvzqNB 3mi QQ zfwcj Y4 D17nQ XdARBwb PwgQ Lrm 32VJqr sh others.,out_random/,concat_random_83.jpg,texts/eng_sentences.txt,en,100,False,False,False,False,69,False,32,1,jpg,0,False,False,1.25,False,1,False,2,0,0,-1,1,0,#282828,1.0,"(5, 5, 5, 0)",False,fonts/latin/OpenSans-Regular.ttf,,oZ3EF NvzqNB 3rni QQ zfwcj Y4 Dl 7nQ XdARBwb PwgQ Lrm 32VJqr sh others,0.949640287769784
fKw hF 9D7 ask?,out_random/,concat_random_84.jpg,texts/eng_sentences.txt,en,100,False,False,False,False,15,False,32,1,jpg,0,False,False,1.25,False,1,False,2,0,0,-1,1,0,#282828,1.0,"(5, 5, 5, 0)",False,fonts/latin/OpenSans-Regular.ttf,,fKw I-IF 9D7 ask?,0.875
R tY Hjp h4 4XTKDgV 9 v03Vf bDQ J2H EBEm0 nZk it.,out_random/,concat_random_85.jpg,texts/eng_sentences.txt,en,100,False,False,False,False,49,False,32,1,jpg,0,False,False,1.25,False,1,False,2,0,0,-1,1,0,#282828,1.0,"(5, 5, 5, 0)",False,fonts/latin/OpenSans-Regular.ttf,,R ty Hjp h4 4XTKDgV 9 v03Vf bDQ J2H EBEmO nZk,0.914893617021277
3 v8h9x 7TTZ DyO GQMT EsMA s2j wi2E u2g3Zp anymore.,out_random/,concat_random_86.jpg,texts/eng_sentences.txt,en,100,False,False,False,False,51,False,32,1,jpg,0,False,False,1.25,False,1,False,2,0,0,-1,1,0,#282828,1.0,"(5, 5, 5, 0)",False,fonts/latin/OpenSans-Regular.ttf,,3 v8h9x 7TTZ Dyo GQMT EsMA s2j wi2E u2g3Zp anymore.,0.980392156862745
9 0T i KSSBme MUpmwLm Wck YJLcI Jl7 4oPOQ hyIO Lzc Xg90KF iJ fixed.,out_random/,concat_random_87.jpg,texts/eng_sentences.txt,en,100,False,False,False,False,67,False,32,1,jpg,0,False,False,1.25,False,1,False,2,0,0,-1,1,0,#282828,1.0,"(5, 5, 5, 0)",False,fonts/latin/OpenSans-Regular.ttf,,9 OT i KSSBme MIJpmwLm Wck YJLcl J17 40POQ hylo Xg90KF iJ fixed.,0.854961832061069
wtyNTVeK V BTbZ EFfKhaBFu M lL1zV yueR S9Q expensive.,out_random/,concat_random_88.jpg,texts/eng_sentences.txt,en,100,False,False,False,False,53,False,32,1,jpg,0,False,False,1.25,False,1,False,2,0,0,-1,1,0,#282828,1.0,"(5, 5, 5, 0)",False,fonts/latin/OpenSans-Regular.ttf,,wtyNTVeK V BTbZ EFfKhaBFu M IL Izv yueR S9Q expensive.,0.934579439252336
iDj ep2A jlM Egg stay?,out_random/,concat_random_89.jpg,texts/eng_sentences.txt,en,100,False,False,False,False,22,False,32,1,jpg,0,False,False,1.25,False,1,False,2,0,0,-1,1,0,#282828,1.0,"(5, 5, 5, 0)",False,fonts/latin/OpenSans-Regular.ttf,,iDj ep2AjlM Egg stay?,0.976744186046512
aZnWt dX KFzp q2 rYdnwpP IvT BaQv 46c him.,out_random/,concat_random_90.jpg,texts/eng_sentences.txt,en,100,False,False,False,False,42,False,32,1,jpg,0,False,False,1.25,False,1,False,2,0,0,-1,1,0,#282828,1.0,"(5, 5, 5, 0)",False,fonts/latin/OpenSans-Regular.ttf,,aZnWt dX KFzp q2 rYdnwpP lvT BaQv 46c turn.,0.894117647058824
xkc8EJanf Bv g 77qSP3PiP thing.,out_random/,concat_random_91.jpg,texts/eng_sentences.txt,en,100,False,False,False,False,31,False,32,1,jpg,0,False,False,1.25,False,1,False,2,0,0,-1,1,0,#282828,1.0,"(5, 5, 5, 0)",False,fonts/latin/OpenSans-Regular.ttf,,xkc8EJanf Bv g 77qSP3PiP,0.872727272727273
67Lomf hHMs 97oAp xB0hU vq iPhU forever.,out_random/,concat_random_92.jpg,texts/eng_sentences.txt,en,100,False,False,False,False,40,False,32,1,jpg,0,False,False,1.25,False,1,False,2,0,0,-1,1,0,#282828,1.0,"(5, 5, 5, 0)",False,fonts/latin/OpenSans-Regular.ttf,,67Lomf hHMs 970Ap xB0hU vq iPhlJ fcye?..r.,0.829268292682927
j czPsB qvqc QX H6vK Yx OIHbFh y2ze DvytzF pOJO G4 8UeW vd6 J h1N extreme.,out_random/,concat_random_93.jpg,texts/eng_sentences.txt,en,100,False,False,False,False,74,False,32,1,jpg,0,False,False,1.25,False,1,False,2,0,0,-1,1,0,#282828,1.0,"(5, 5, 5, 0)",False,fonts/latin/OpenSans-Regular.ttf,,j czPsB qvqc QX H6vK Yx OIHbFh y2ze DvytzF POJO G4 81JeW vd6J hlN extreme.,0.945945945945946
n NbSW7 G Tn4z i DpcApl vA66p that.,out_random/,concat_random_94.jpg,texts/eng_sentences.txt,en,100,False,False,False,False,35,False,32,1,jpg,0,False,False,1.25,False,1,False,2,0,0,-1,1,0,#282828,1.0,"(5, 5, 5, 0)",False,fonts/latin/OpenSans-Regular.ttf,,n NbSW7 G Tn4z i DpcApl vA66p that,0.985507246376812
k2k5 Fo intriguing.,out_random/,concat_random_95.jpg,texts/eng_sentences.txt,en,100,False,False,False,False,19,False,32,1,jpg,0,False,False,1.25,False,1,False,2,0,0,-1,1,0,#282828,1.0,"(5, 5, 5, 0)",False,fonts/latin/OpenSans-Regular.ttf,,k2k5 Fo ntrtgujng,0.833333333333333
a4B YbZ M5Ozbp k9r MhaoSoQW9arjr O3AM jeg5 IqRl looks?,out_random/,concat_random_96.jpg,texts/eng_sentences.txt,en,100,False,False,False,False,54,False,32,1,jpg,0,False,False,1.25,False,1,False,2,0,0,-1,1,0,#282828,1.0,"(5, 5, 5, 0)",False,fonts/latin/OpenSans-Regular.ttf,,"a4B YbZ M50zbp k9r MhaoSoQW9arjr 03AM jeg5 IqRl Joo""?",0.91588785046729
e 7g zqR hjBu tp CHcPaMt bY XlFA4 forums.,out_random/,concat_random_97.jpg,texts/eng_sentences.txt,en,100,False,False,False,False,41,False,32,1,jpg,0,False,False,1.25,False,1,False,2,0,0,-1,1,0,#282828,1.0,"(5, 5, 5, 0)",False,fonts/latin/OpenSans-Regular.ttf,,e 7g zqR hjBu tp CHcPaMt bY XlFA4,0.891891891891892
sA ZUdWXA r05 Ve np1 78tr 2tz oL4Ul en sCU MWF2p 6Gd x Ibz85G U6aFd know.,out_random/,concat_random_98.jpg,texts/eng_sentences.txt,en,100,False,False,False,False,73,False,32,1,jpg,0,False,False,1.25,False,1,False,2,0,0,-1,1,0,#282828,1.0,"(5, 5, 5, 0)",False,fonts/latin/OpenSans-Regular.ttf,,sA ZUdWXA r05 Ve npl 78tr 2tz oL4Ul en sCU MWF2p 6Gd x lbz85G IJ6aFd know.,0.952380952380952
E mkDYAR eIKq fPk1I Zt Q5UZ from.,out_random/,concat_random_99.jpg,texts/eng_sentences.txt,en,100,False,False,False,False,33,False,32,1,jpg,0,False,False,1.25,False,1,False,2,0,0,-1,1,0,#282828,1.0,"(5, 5, 5, 0)",False,fonts/latin/OpenSans-Regular.ttf,,E mkDYAR elKq fPk11 Zt Q5UZ from,0.923076923076923
